"주소","연락처","이메일","이름"
서울시 광진구,01000200000,hong@hyundai.com,홍길동
경기도 성남시,0100000001,lee@hyundai.com,이몽룡
강원도 강릉시,01000000002,lee2@hyundai.com,이순신
강원도 강릉시,01000000001,lee2@hyundai.com,이순신
전라북도 남원시,010-0000-0003,sung@hyundai.com,성춘향
전라북도 남원시,010-000-0004,lee3,이순자
전라북도 남원시,010-000-0004,lee3@hyundai.com,이몽룡
전라북도 남원시,010-00-0004,lee3@hyundai.com,이몽룡